<?xml version="1.0" encoding="UTF-8"?>
<project-private xmlns="http://www.netbeans.org/ns/project-private/1">
    <editor-bookmarks xmlns="http://www.netbeans.org/ns/editor-bookmarks/2" lastBookmarkId="1">
        <file>
            <url>src/projectileshooter/FXMLDocumentController.java</url>
            <bookmark id="1">
                <name/>
                <line>695</line>
                <key/>
            </bookmark>
        </file>
    </editor-bookmarks>
    <open-files xmlns="http://www.netbeans.org/ns/projectui-open-files/2">
        <group>
            <file>file:/C:/Users/cstuser/Desktop/ProjectileShooterGeorge_sVersion_March14_NEW/src/projectileshooter/Wall.java</file>
            <file>file:/C:/Users/cstuser/Desktop/ProjectileShooterGeorge_sVersion_March14_NEW/src/projectileshooter/Enemy.java</file>
            <file>file:/C:/Users/cstuser/Desktop/ProjectileShooterGeorge_sVersion_March14_NEW/src/projectileshooter/FXMLDocumentController.java</file>
            <file>file:/C:/Users/cstuser/Desktop/ProjectileShooterGeorge_sVersion_March14_NEW/src/projectileshooter/Edge.java</file>
            <file>file:/C:/Users/cstuser/Desktop/ProjectileShooterGeorge_sVersion_March14_NEW/src/projectileshooter/Barrier.java</file>
            <file>file:/C:/Users/cstuser/Desktop/ProjectileShooterGeorge_sVersion_March14_NEW/src/projectileshooter/Portal.java</file>
            <file>file:/C:/Users/cstuser/Desktop/ProjectileShooterGeorge_sVersion_March14_NEW/src/projectileshooter/AssetManager.java</file>
        </group>
    </open-files>
</project-private>
